filename,label
Academy of Athens/Academy of Athens - 1.jpg,Academy of Athens
Academy of Athens/Academy of Athens - 10.jpg,Academy of Athens
Academy of Athens/Academy of Athens - 12.jpg,Academy of Athens
Academy of Athens/Academy of Athens - 13.jpg,Academy of Athens
Academy of Athens/Academy of Athens - 14.jpg,Academy of Athens
Academy of Athens/Academy of Athens - 15.jpg,Academy of Athens
Academy of Athens/Academy of Athens - 17.jpeg,Academy of Athens
Academy of Athens/Academy of Athens - 20.jpg,Academy of Athens
Academy of Athens/Academy of Athens - 3.jpg,Academy of Athens
Academy of Athens/Academy of Athens - 5.jpg,Academy of Athens
Academy of Athens/Academy of Athens - 6.jpg,Academy of Athens
Academy of Athens/Academy of Athens - 7.jpg,Academy of Athens
Academy of Athens/Academy of Athens - 8.jpg,Academy of Athens
Academy of Athens/Academy of Athens - 9.jpg,Academy of Athens
Buckingham Palace/Buckingham Palace_1.jpg,Buckingham Palace
Buckingham Palace/Buckingham Palace_10.jpeg,Buckingham Palace
Buckingham Palace/Buckingham Palace_12.jpeg,Buckingham Palace
Buckingham Palace/Buckingham Palace_13.jpeg,Buckingham Palace
Buckingham Palace/Buckingham Palace_14.jpeg,Buckingham Palace
Buckingham Palace/Buckingham Palace_16.jpeg,Buckingham Palace
Buckingham Palace/Buckingham Palace_17.jpeg,Buckingham Palace
Buckingham Palace/Buckingham Palace_19.jpg,Buckingham Palace
Buckingham Palace/Buckingham Palace_2.jpeg,Buckingham Palace
Buckingham Palace/Buckingham Palace_20.jpeg,Buckingham Palace
Buckingham Palace/Buckingham Palace_4.jpeg,Buckingham Palace
Buckingham Palace/Buckingham Palace_5.jpeg,Buckingham Palace
Buckingham Palace/Buckingham Palace_6.jpeg,Buckingham Palace
Buckingham Palace/Buckingham Palace_7.jpeg,Buckingham Palace
CCTV Headquarters/CCTV Headquarters-10.jpeg,CCTV Headquarters
CCTV Headquarters/CCTV Headquarters-11.jpeg,CCTV Headquarters
CCTV Headquarters/CCTV Headquarters-12.jpeg,CCTV Headquarters
CCTV Headquarters/CCTV Headquarters-13.jpeg,CCTV Headquarters
CCTV Headquarters/CCTV Headquarters-14.jpeg,CCTV Headquarters
CCTV Headquarters/CCTV Headquarters-16.jpeg,CCTV Headquarters
CCTV Headquarters/CCTV Headquarters-17.jpeg,CCTV Headquarters
CCTV Headquarters/CCTV Headquarters-19.jpg,CCTV Headquarters
CCTV Headquarters/CCTV Headquarters-2.jpg,CCTV Headquarters
CCTV Headquarters/CCTV Headquarters-3.jpeg,CCTV Headquarters
CCTV Headquarters/CCTV Headquarters-4.jpeg,CCTV Headquarters
CCTV Headquarters/CCTV Headquarters-6.jpeg,CCTV Headquarters
CCTV Headquarters/CCTV Headquarters-8.jpeg,CCTV Headquarters
CCTV Headquarters/CCTV Headquarters-9.jpeg,CCTV Headquarters
Chrysler Building/Chrysler Building-1.jpeg,Chrysler Building
Chrysler Building/Chrysler Building-10.jpeg,Chrysler Building
Chrysler Building/Chrysler Building-11.jpeg,Chrysler Building
Chrysler Building/Chrysler Building-12.jpeg,Chrysler Building
Chrysler Building/Chrysler Building-14.jpeg,Chrysler Building
Chrysler Building/Chrysler Building-15.jpeg,Chrysler Building
Chrysler Building/Chrysler Building-17.jpeg,Chrysler Building
Chrysler Building/Chrysler Building-18.jpg,Chrysler Building
Chrysler Building/Chrysler Building-19.jpeg,Chrysler Building
Chrysler Building/Chrysler Building-20.jpg,Chrysler Building
Chrysler Building/Chrysler Building-3.jpeg,Chrysler Building
Chrysler Building/Chrysler Building-5.jpg,Chrysler Building
Chrysler Building/Chrysler Building-7.jpeg,Chrysler Building
Chrysler Building/Chrysler Building-8.jpg,Chrysler Building
eiffel/eiffel-10.jpg,eiffel
eiffel/eiffel-12.jpg,eiffel
eiffel/eiffel-13.jpg,eiffel
eiffel/eiffel-14.jpeg,eiffel
eiffel/eiffel-15.jpg,eiffel
eiffel/eiffel-17.jpg,eiffel
eiffel/eiffel-18.jpeg,eiffel
eiffel/eiffel-2.jpeg,eiffel
eiffel/eiffel-3.jpeg,eiffel
eiffel/eiffel-4.jpg,eiffel
eiffel/eiffel-5.jpeg,eiffel
eiffel/eiffel-7.jpg,eiffel
eiffel/eiffel-8.jpeg,eiffel
eiffel/eiffel-9.jpg,eiffel
FogongTemplePagoda/FogongTemplePagoda-1.jpg,FogongTemplePagoda
FogongTemplePagoda/FogongTemplePagoda-11.jpg,FogongTemplePagoda
FogongTemplePagoda/FogongTemplePagoda-12.jpg,FogongTemplePagoda
FogongTemplePagoda/FogongTemplePagoda-13.jpg,FogongTemplePagoda
FogongTemplePagoda/FogongTemplePagoda-15.jpg,FogongTemplePagoda
FogongTemplePagoda/FogongTemplePagoda-17.jpg,FogongTemplePagoda
FogongTemplePagoda/FogongTemplePagoda-18.jpg,FogongTemplePagoda
FogongTemplePagoda/FogongTemplePagoda-19.jpg,FogongTemplePagoda
FogongTemplePagoda/FogongTemplePagoda-2.jpg,FogongTemplePagoda
FogongTemplePagoda/FogongTemplePagoda-3.jpg,FogongTemplePagoda
FogongTemplePagoda/FogongTemplePagoda-4.jpg,FogongTemplePagoda
FogongTemplePagoda/FogongTemplePagoda-6.jpg,FogongTemplePagoda
FogongTemplePagoda/FogongTemplePagoda-8.jpg,FogongTemplePagoda
FogongTemplePagoda/FogongTemplePagoda-9.jpg,FogongTemplePagoda
Louvre Pyramid/Louvre Pyramid-1.jpg,Louvre Pyramid
Louvre Pyramid/Louvre Pyramid-10.jpg,Louvre Pyramid
Louvre Pyramid/Louvre Pyramid-11.jpg,Louvre Pyramid
Louvre Pyramid/Louvre Pyramid-12.jpg,Louvre Pyramid
Louvre Pyramid/Louvre Pyramid-13.jpg,Louvre Pyramid
Louvre Pyramid/Louvre Pyramid-15.jpg,Louvre Pyramid
Louvre Pyramid/Louvre Pyramid-16.jpg,Louvre Pyramid
Louvre Pyramid/Louvre Pyramid-17.jpg,Louvre Pyramid
Louvre Pyramid/Louvre Pyramid-19.jpg,Louvre Pyramid
Louvre Pyramid/Louvre Pyramid-21.jpg,Louvre Pyramid
Louvre Pyramid/Louvre Pyramid-22.jpg,Louvre Pyramid
Louvre Pyramid/Louvre Pyramid-3.jpg,Louvre Pyramid
Louvre Pyramid/Louvre Pyramid-4.jpg,Louvre Pyramid
Louvre Pyramid/Louvre Pyramid-5.jpg,Louvre Pyramid
Louvre Pyramid/Louvre Pyramid-7.jpg,Louvre Pyramid
Louvre Pyramid/Louvre Pyramid-8.jpg,Louvre Pyramid
Pyramid of Giza/Pyramid of Giza-1.jpg,Pyramid of Giza
Pyramid of Giza/Pyramid of Giza-10.jpg,Pyramid of Giza
Pyramid of Giza/Pyramid of Giza-11.jpg,Pyramid of Giza
Pyramid of Giza/Pyramid of Giza-12.jpg,Pyramid of Giza
Pyramid of Giza/Pyramid of Giza-13.jpg,Pyramid of Giza
Pyramid of Giza/Pyramid of Giza-15.jpg,Pyramid of Giza
Pyramid of Giza/Pyramid of Giza-16.jpg,Pyramid of Giza
Pyramid of Giza/Pyramid of Giza-17.jpg,Pyramid of Giza
Pyramid of Giza/Pyramid of Giza-20.jpg,Pyramid of Giza
Pyramid of Giza/Pyramid of Giza-3.jpg,Pyramid of Giza
Pyramid of Giza/Pyramid of Giza-6.jpg,Pyramid of Giza
Pyramid of Giza/Pyramid of Giza-7.jpg,Pyramid of Giza
Pyramid of Giza/Pyramid of Giza-8.JPG,Pyramid of Giza
ShwedagonPagoda/ShwedagonPagoda0.jpeg,ShwedagonPagoda
ShwedagonPagoda/ShwedagonPagoda1.jpeg,ShwedagonPagoda
ShwedagonPagoda/ShwedagonPagoda11.jpeg,ShwedagonPagoda
ShwedagonPagoda/ShwedagonPagoda12.jpeg,ShwedagonPagoda
ShwedagonPagoda/ShwedagonPagoda13.jpeg,ShwedagonPagoda
ShwedagonPagoda/ShwedagonPagoda14.jpeg,ShwedagonPagoda
ShwedagonPagoda/ShwedagonPagoda15.jpeg,ShwedagonPagoda
ShwedagonPagoda/ShwedagonPagoda16.jpeg,ShwedagonPagoda
ShwedagonPagoda/ShwedagonPagoda18.jpeg,ShwedagonPagoda
ShwedagonPagoda/ShwedagonPagoda19.jpeg,ShwedagonPagoda
ShwedagonPagoda/ShwedagonPagoda3.jpeg,ShwedagonPagoda
ShwedagonPagoda/ShwedagonPagoda4.jpeg,ShwedagonPagoda
ShwedagonPagoda/ShwedagonPagoda5.jpeg,ShwedagonPagoda
ShwedagonPagoda/ShwedagonPagoda7.jpeg,ShwedagonPagoda
Taj Mahal/Taj Mahal - 1.jpg,Taj Mahal
Taj Mahal/Taj Mahal - 10.jpg,Taj Mahal
Taj Mahal/Taj Mahal - 11.jpg,Taj Mahal
Taj Mahal/Taj Mahal - 12.jpg,Taj Mahal
Taj Mahal/Taj Mahal - 15.jpg,Taj Mahal
Taj Mahal/Taj Mahal - 16.jpg,Taj Mahal
Taj Mahal/Taj Mahal - 17.jpg,Taj Mahal
Taj Mahal/Taj Mahal - 18.jpg,Taj Mahal
Taj Mahal/Taj Mahal - 19.jpg,Taj Mahal
Taj Mahal/Taj Mahal - 2.jpg,Taj Mahal
Taj Mahal/Taj Mahal - 4.jpg,Taj Mahal
Taj Mahal/Taj Mahal - 5.jpg,Taj Mahal
Taj Mahal/Taj Mahal - 7.jpeg,Taj Mahal
Taj Mahal/Taj Mahal - 8.jpg,Taj Mahal
TianningTemplePagoda/TianningTemplePagoda0.jpeg,TianningTemplePagoda
TianningTemplePagoda/TianningTemplePagoda1.jpeg,TianningTemplePagoda
TianningTemplePagoda/TianningTemplePagoda12.jpeg,TianningTemplePagoda
TianningTemplePagoda/TianningTemplePagoda15.jpeg,TianningTemplePagoda
TianningTemplePagoda/TianningTemplePagoda16.jpeg,TianningTemplePagoda
TianningTemplePagoda/TianningTemplePagoda17.jpeg,TianningTemplePagoda
TianningTemplePagoda/TianningTemplePagoda18.jpeg,TianningTemplePagoda
TianningTemplePagoda/TianningTemplePagoda19.jpeg,TianningTemplePagoda
TianningTemplePagoda/TianningTemplePagoda4.jpeg,TianningTemplePagoda
TianningTemplePagoda/TianningTemplePagoda5.jpeg,TianningTemplePagoda
TianningTemplePagoda/TianningTemplePagoda6.jpeg,TianningTemplePagoda
TianningTemplePagoda/TianningTemplePagoda7.jpeg,TianningTemplePagoda
TianningTemplePagoda/TianningTemplePagoda8.jpeg,TianningTemplePagoda
TianningTemplePagoda/TianningTemplePagoda9.jpeg,TianningTemplePagoda
Tomb of Akbar/Tomb of Akbar - 10.jpg,Tomb of Akbar
Tomb of Akbar/Tomb of Akbar - 12.jpg,Tomb of Akbar
Tomb of Akbar/Tomb of Akbar - 13.jpg,Tomb of Akbar
Tomb of Akbar/Tomb of Akbar - 14.jpg,Tomb of Akbar
Tomb of Akbar/Tomb of Akbar - 16.jpg,Tomb of Akbar
Tomb of Akbar/Tomb of Akbar - 17.jpg,Tomb of Akbar
Tomb of Akbar/Tomb of Akbar - 18.jpg,Tomb of Akbar
Tomb of Akbar/Tomb of Akbar - 2.jpg,Tomb of Akbar
Tomb of Akbar/Tomb of Akbar - 20.jpg,Tomb of Akbar
Tomb of Akbar/Tomb of Akbar - 3.jpg,Tomb of Akbar
Tomb of Akbar/Tomb of Akbar - 4.jpg,Tomb of Akbar
Tomb of Akbar/Tomb of Akbar - 6.jpg,Tomb of Akbar
Tomb of Akbar/Tomb of Akbar - 7.jpg,Tomb of Akbar
Tomb of Akbar/Tomb of Akbar - 8.jpg,Tomb of Akbar
